document_id,category,source_file,md_file,txt_file,pdf_file,source_sha256,md_sha256,txt_sha256,pdf_sha256,content_version
AI-ES-001,IA,data/processed/AI-ES-001.md,md/AI-ES-001.md,txt/AI-ES-001.txt,pdf/AI-ES-001.pdf,5399f30e67a75ebd6836fa52c297442d2a4eb706812454166f54e933514a4192,5399f30e67a75ebd6836fa52c297442d2a4eb706812454166f54e933514a4192,8a90d2e8557c0f458846564b10c2a34c1c894faa71f0752c3aa8b635000bcd14,7234a793c5c5f55463791095d3a35a6fe4a6a2d835155c836061333b1f6e04ac,v1
AI-ES-002,IA,data/processed/AI-ES-002.md,md/AI-ES-002.md,txt/AI-ES-002.txt,pdf/AI-ES-002.pdf,cf4db2f16daecb7255ff86df356e7c33b605f620873a128dd908a19678eff4fa,cf4db2f16daecb7255ff86df356e7c33b605f620873a128dd908a19678eff4fa,d12baedaa2e9a4f3b81cb67cc05f71baa3c2ace0932d100ea293580490ad77f6,8b5a8fa07e6825dc4e2c6eb85c3450634eee849a6cfff6872dfb9245e628972b,v1
BE-ES-001,Backend,data/processed/BE-ES-001.md,md/BE-ES-001.md,txt/BE-ES-001.txt,pdf/BE-ES-001.pdf,45ec722454bd7843d11424282ff47607b8c43199f6f367f2ac3d6006d98d2179,45ec722454bd7843d11424282ff47607b8c43199f6f367f2ac3d6006d98d2179,80dab2f475b690a809b4c78c1f4e4e527ddaa9788477164f06931ebe6309e58b,8c9e93e29e5dfbad6384035b71992824cee26e4b2ba8f992a805046030aab646,v1
BE-ES-002,Backend,data/processed/BE-ES-002.md,md/BE-ES-002.md,txt/BE-ES-002.txt,pdf/BE-ES-002.pdf,d73895b8a9f8b51f1ef5163a77eb6b8fafec6fc8a96c4f6bf2da2acd12ed67d3,d73895b8a9f8b51f1ef5163a77eb6b8fafec6fc8a96c4f6bf2da2acd12ed67d3,a3754bd49290900a69aa1162c4531ec4d4a99d455da22c52748487d80719b1b3,a2faaef82d56652765cbe4edb20f147a716b9a85611136ba9b0ed88b54f0835b,v1
CLD-ES-001,Cloud / DevOps,data/processed/CLD-ES-001.md,md/CLD-ES-001.md,txt/CLD-ES-001.txt,pdf/CLD-ES-001.pdf,aceb1fd318c3107a86087dfc06843c1f730ebb61ddafc3aad8b6592951800933,aceb1fd318c3107a86087dfc06843c1f730ebb61ddafc3aad8b6592951800933,dd3621f656b24fb0733f7ef276bc717248a09bfdf9fcab6498c40ab8d580ee0d,896100633df5bcb2149227d42b11e3b87abd42526d0b6d9acd58d2ecf8f3b1c6,v1
CLD-ES-002,Cloud / DevOps,data/processed/CLD-ES-002.md,md/CLD-ES-002.md,txt/CLD-ES-002.txt,pdf/CLD-ES-002.pdf,d8616e2f14b03b37717a9e06cf6db61822bd7ed5b5a00abc32aef326866455ba,d8616e2f14b03b37717a9e06cf6db61822bd7ed5b5a00abc32aef326866455ba,2e8343e1d752be106555978dccec7c5950b280d07808ee0bd127a0bcf58dc853,56aa6a5edecdd23be81f2337d1c5b7000ac6f7631774d4f1ab98c07698c6bb11,v1
DS-ES-001,Data Science,data/processed/DS-ES-001.md,md/DS-ES-001.md,txt/DS-ES-001.txt,pdf/DS-ES-001.pdf,77524eaaacdabc977b04cf130329011c6af2b1122e1d58f014e87582e1088928,77524eaaacdabc977b04cf130329011c6af2b1122e1d58f014e87582e1088928,541361e37e76e91e2d7cb19e75db1c21d0a0d88478d08f87583ceccbfe66ecb5,5e0a09d4521625acea16b53f1cabe0e2198615ce2089907b68dea6217f7182dc,v1
DS-ES-002,Data Science,data/processed/DS-ES-002.md,md/DS-ES-002.md,txt/DS-ES-002.txt,pdf/DS-ES-002.pdf,6953d6ebb870316ea250fed6b617fcb48cc09c5171979dbd62bffa7d38db2f9f,6953d6ebb870316ea250fed6b617fcb48cc09c5171979dbd62bffa7d38db2f9f,7f9502a5f26574b154fc2003626be296ff140fa39969447657b0244869f6a4ac,cfaac989667eb3eb02b385b187d183979b21f0578a15add8f3669149c6bb8461,v1
FE-ES-001,Frontend,data/processed/FE-ES-001.md,md/FE-ES-001.md,txt/FE-ES-001.txt,pdf/FE-ES-001.pdf,4c16dcea5150974885078c292c990099d6ad88d511a39d9690dcfa7514335c25,4c16dcea5150974885078c292c990099d6ad88d511a39d9690dcfa7514335c25,5e186d9c51c266cc28060f1894b8a60e5b010085918088e787b17b826af344d7,a1ff075ae506700e7be93116c2e870d6f4fc9fb1bbdddb24a2826dcc54dca395,v1
FE-ES-002,Frontend,data/processed/FE-ES-002.md,md/FE-ES-002.md,txt/FE-ES-002.txt,pdf/FE-ES-002.pdf,954261b8b33bffa78dd1c89a3c36f21571290e35957dba2e1f251b661d97b662,954261b8b33bffa78dd1c89a3c36f21571290e35957dba2e1f251b661d97b662,86b0d4e6c0e54c071dd4ec1b2fcfcea256ead1a799130127167e1c9208a607ba,bcfc7f74913f5ca2376b9a536e7296b02fe44d24f5146aaf91ab15e5d139fa7a,v1
