source_format,generated_format,evaluation_status,reported_relevance,recomputed_relevance,relevance_ratio,context_terms,matching_context_terms,missing_context_terms,reported_support,recomputed_support,reported_unsupported,recomputed_unsupported,support_band,generated_term_occurrences,source_unique_terms,unsupported_occurrences,unsupported_unique_terms,hallucination_ratio,format_language_occurrences,format_language_share_of_unsupported,top_unsupported_terms
md,quiz,requiere_revision,3,3,0.166667,6,1,"correctamente, explicarlos, frontend, poder, principales",3,3,False,False,review_band,51,174,20,14,0.392157,0,0.0,"paginas(2), envolver(2), segun(2), documento(2), informacion(2), aparecera(2), cual(1), texto(1), indica(1), comentarios(1), especifica(1), descripcion(1), menciona(1), explicitamente(1)"
md,flashcards,requiere_revision,3,3,0.0,6,0,"correctamente, documento, explicarlos, frontend, poder, principales",5,5,False,False,excellent,54,174,7,7,0.12963,0,0.0,"comentarios(1), escriben(1), envolviendo(1), texto(1), componen(1), directamente(1), descripciones(1)"
md,tldr,rechazado,4,4,0.333333,6,2,"correctamente, explicarlos, poder, principales",1,1,True,True,reject_threshold,70,174,32,29,0.457143,0,0.0,"paginas(2), comentarios(2), informacion(2), introduccion(1), documento(1), introduce(1), fundamentos(1), incluyendo(1), ademas(1), presentar(1), brevemente(1), complementario(1), basica(1), pagina(1), aportan(1)"
md,video_script,rechazado,3,3,0.0,6,0,"correctamente, documento, explicarlos, frontend, poder, principales",1,1,True,True,reject_threshold,104,174,42,35,0.403846,5,0.119048,"introduccion(2), pantalla(2), pagina(2), codigo(2), informacion(2), comentarios(2), mostrando(2), texto(1), titulo(1), esquemas(1), articulo(1), definiendo(1), terminos(1), aprenderas(1), tipica(1)"
txt,quiz,requiere_revision,3,3,0.166667,6,1,"correctamente, explicarlos, frontend, poder, principales",3,3,False,False,review_band,73,135,24,20,0.328767,0,0.0,"texto(3), documento(2), deseas(2), sugiere(1), después(1), indica(1), aprendes(1), considerar(1), cuál(1), propósito(1), según(1), actuar(1), visual(1), mostrado(1), señala(1)"
txt,flashcards,requiere_revision,3,3,0.166667,6,1,"correctamente, explicarlos, frontend, poder, principales",4,4,False,False,good,77,135,20,19,0.25974,0,0.0,"función(2), cuál(1), principal(1), según(1), documento(1), estructurar(1), permitiendo(1), funcionando(1), junto(1), escribe(1), envuelto(1), cumple(1), visible(1), descripciones(1), motores(1)"
txt,tldr,rechazado,4,4,0.333333,6,2,"correctamente, explicarlos, poder, principales",1,1,True,True,reject_threshold,78,135,41,34,0.525641,0,0.0,"frontend(3), estudiantes(2), desarrollo(2), comentarios(2), importancia(2), directamente(2), documento(1), repasa(1), fundamentales(1), explicando(1), básica(1), además(1), introducir(1), combinar(1), incluyendo(1)"
txt,video_script,requiere_revision,3,3,0.0,6,0,"correctamente, documento, explicarlos, frontend, poder, principales",3,3,False,False,review_band,100,135,38,35,0.38,4,0.105263,"bienvenida(2), visual(2), mostrando(2), introducción(1), repaso(1), pantalla(1), título(1), tema(1), gráficos(1), alusivos(1), hola(1), conoces(1), ahora(1), entiendes(1), puedes(1)"
pdf,quiz,requiere_revision,3,3,0.166667,6,1,"correctamente, explicarlos, frontend, poder, principales",4,4,False,False,good,65,199,13,9,0.2,0,0.0,"texto(3), según(2), cuál(2), claramente(1), envolver(1), menciona(1), permitiendo(1), siguientes(1), varios(1)"
pdf,flashcards,requiere_revision,3,3,0.0,6,0,"correctamente, documento, explicarlos, frontend, poder, principales",4,4,False,False,good,70,199,13,13,0.185714,0,0.0,"navegadores(1), estructurar(1), escribe(1), envuelve(1), texto(1), utilizando(1), cuál(1), relación(1), función(1), cumple(1), directamente(1), descripciones(1), estructurándose(1)"
pdf,tldr,rechazado,5,5,0.5,6,3,"explicarlos, poder, principales",1,1,True,True,reject_threshold,93,199,43,37,0.462366,0,0.0,"fundamentos(2), desarrollo(2), frontend(2), pagina(2), comentarios(2), estructurar(2), introduccion(1), introduce(1), utilizando(1), cubriendo(1), basica(1), relacion(1), futura(1), mediante(1), codigo(1)"
pdf,video_script,rechazado,4,4,0.333333,6,2,"correctamente, explicarlos, frontend, poder",1,1,True,True,reject_threshold,111,199,55,46,0.495495,5,0.090909,"pantalla(3), mostrando(3), introduccion(2), texto(2), comentarios(2), codigo(2), pagina(2), definicion(1), titulos(1), introductorios(1), bienvenidos(1), nuestra(1), significa(1), hipertexto(1), fundamental(1)"
