source_format,generated_format,context_term,present_in_generated
md,quiz,correctamente,False
md,quiz,documento,True
md,quiz,explicarlos,False
md,quiz,frontend,False
md,quiz,poder,False
md,quiz,principales,False
md,flashcards,correctamente,False
md,flashcards,documento,False
md,flashcards,explicarlos,False
md,flashcards,frontend,False
md,flashcards,poder,False
md,flashcards,principales,False
md,tldr,correctamente,False
md,tldr,documento,True
md,tldr,explicarlos,False
md,tldr,frontend,True
md,tldr,poder,False
md,tldr,principales,False
md,video_script,correctamente,False
md,video_script,documento,False
md,video_script,explicarlos,False
md,video_script,frontend,False
md,video_script,poder,False
md,video_script,principales,False
txt,quiz,correctamente,False
txt,quiz,documento,True
txt,quiz,explicarlos,False
txt,quiz,frontend,False
txt,quiz,poder,False
txt,quiz,principales,False
txt,flashcards,correctamente,False
txt,flashcards,documento,True
txt,flashcards,explicarlos,False
txt,flashcards,frontend,False
txt,flashcards,poder,False
txt,flashcards,principales,False
txt,tldr,correctamente,False
txt,tldr,documento,True
txt,tldr,explicarlos,False
txt,tldr,frontend,True
txt,tldr,poder,False
txt,tldr,principales,False
txt,video_script,correctamente,False
txt,video_script,documento,False
txt,video_script,explicarlos,False
txt,video_script,frontend,False
txt,video_script,poder,False
txt,video_script,principales,False
pdf,quiz,correctamente,False
pdf,quiz,documento,True
pdf,quiz,explicarlos,False
pdf,quiz,frontend,False
pdf,quiz,poder,False
pdf,quiz,principales,False
pdf,flashcards,correctamente,False
pdf,flashcards,documento,False
pdf,flashcards,explicarlos,False
pdf,flashcards,frontend,False
pdf,flashcards,poder,False
pdf,flashcards,principales,False
pdf,tldr,correctamente,True
pdf,tldr,documento,True
pdf,tldr,explicarlos,False
pdf,tldr,frontend,True
pdf,tldr,poder,False
pdf,tldr,principales,False
pdf,video_script,correctamente,False
pdf,video_script,documento,True
pdf,video_script,explicarlos,False
pdf,video_script,frontend,False
pdf,video_script,poder,False
pdf,video_script,principales,True
