source_format,generated_format,term,occurrences,classification
md,quiz,paginas,2,content_or_paraphrase_candidate
md,quiz,envolver,2,content_or_paraphrase_candidate
md,quiz,segun,2,content_or_paraphrase_candidate
md,quiz,documento,2,content_or_paraphrase_candidate
md,quiz,informacion,2,content_or_paraphrase_candidate
md,quiz,aparecera,2,content_or_paraphrase_candidate
md,quiz,cual,1,content_or_paraphrase_candidate
md,quiz,texto,1,content_or_paraphrase_candidate
md,quiz,indica,1,content_or_paraphrase_candidate
md,quiz,comentarios,1,content_or_paraphrase_candidate
md,quiz,especifica,1,content_or_paraphrase_candidate
md,quiz,descripcion,1,content_or_paraphrase_candidate
md,quiz,menciona,1,content_or_paraphrase_candidate
md,quiz,explicitamente,1,content_or_paraphrase_candidate
md,flashcards,comentarios,1,content_or_paraphrase_candidate
md,flashcards,escriben,1,content_or_paraphrase_candidate
md,flashcards,envolviendo,1,content_or_paraphrase_candidate
md,flashcards,texto,1,content_or_paraphrase_candidate
md,flashcards,componen,1,content_or_paraphrase_candidate
md,flashcards,directamente,1,content_or_paraphrase_candidate
md,flashcards,descripciones,1,content_or_paraphrase_candidate
md,tldr,paginas,2,content_or_paraphrase_candidate
md,tldr,comentarios,2,content_or_paraphrase_candidate
md,tldr,informacion,2,content_or_paraphrase_candidate
md,tldr,introduccion,1,content_or_paraphrase_candidate
md,tldr,documento,1,content_or_paraphrase_candidate
md,tldr,introduce,1,content_or_paraphrase_candidate
md,tldr,fundamentos,1,content_or_paraphrase_candidate
md,tldr,incluyendo,1,content_or_paraphrase_candidate
md,tldr,ademas,1,content_or_paraphrase_candidate
md,tldr,presentar,1,content_or_paraphrase_candidate
md,tldr,brevemente,1,content_or_paraphrase_candidate
md,tldr,complementario,1,content_or_paraphrase_candidate
md,tldr,basica,1,content_or_paraphrase_candidate
md,tldr,pagina,1,content_or_paraphrase_candidate
md,tldr,aportan,1,content_or_paraphrase_candidate
md,tldr,componen,1,content_or_paraphrase_candidate
md,tldr,metadatos,1,content_or_paraphrase_candidate
md,tldr,estilos,1,content_or_paraphrase_candidate
md,tldr,otra,1,content_or_paraphrase_candidate
md,tldr,directamente,1,content_or_paraphrase_candidate
md,tldr,usuario,1,content_or_paraphrase_candidate
md,tldr,escriben,1,content_or_paraphrase_candidate
md,tldr,utilizando,1,content_or_paraphrase_candidate
md,tldr,modificar,1,content_or_paraphrase_candidate
md,tldr,visual,1,content_or_paraphrase_candidate
md,tldr,relacion,1,content_or_paraphrase_candidate
md,tldr,esencial,1,content_or_paraphrase_candidate
md,tldr,desarrollo,1,content_or_paraphrase_candidate
md,tldr,frontend,1,content_or_paraphrase_candidate
md,video_script,introduccion,2,content_or_paraphrase_candidate
md,video_script,pantalla,2,format_or_presentation_language
md,video_script,pagina,2,content_or_paraphrase_candidate
md,video_script,codigo,2,content_or_paraphrase_candidate
md,video_script,informacion,2,content_or_paraphrase_candidate
md,video_script,comentarios,2,content_or_paraphrase_candidate
md,video_script,mostrando,2,content_or_paraphrase_candidate
md,video_script,texto,1,format_or_presentation_language
md,video_script,titulo,1,content_or_paraphrase_candidate
md,video_script,esquemas,1,content_or_paraphrase_candidate
md,video_script,articulo,1,content_or_paraphrase_candidate
md,video_script,definiendo,1,content_or_paraphrase_candidate
md,video_script,terminos,1,content_or_paraphrase_candidate
md,video_script,aprenderas,1,content_or_paraphrase_candidate
md,video_script,tipica,1,content_or_paraphrase_candidate
md,video_script,clase,1,content_or_paraphrase_candidate
md,video_script,fuente,1,content_or_paraphrase_candidate
md,video_script,aparece,1,format_or_presentation_language
md,video_script,requieren,1,content_or_paraphrase_candidate
md,video_script,fragmento,1,content_or_paraphrase_candidate
md,video_script,sintaxis,1,content_or_paraphrase_candidate
md,video_script,etiqueta,1,content_or_paraphrase_candidate
md,video_script,envuelve,1,content_or_paraphrase_candidate
md,video_script,ademas,1,content_or_paraphrase_candidate
md,video_script,actua,1,content_or_paraphrase_candidate
md,video_script,metadatos,1,content_or_paraphrase_candidate
md,video_script,otra,1,content_or_paraphrase_candidate
md,video_script,directamente,1,content_or_paraphrase_candidate
md,video_script,dividida,1,content_or_paraphrase_candidate
md,video_script,estructurado,1,content_or_paraphrase_candidate
md,video_script,modifica,1,content_or_paraphrase_candidate
md,video_script,apariencia,1,content_or_paraphrase_candidate
md,video_script,visual,1,format_or_presentation_language
md,video_script,aprendes,1,content_or_paraphrase_candidate
md,video_script,paginas,1,content_or_paraphrase_candidate
txt,quiz,texto,3,content_or_paraphrase_candidate
txt,quiz,documento,2,content_or_paraphrase_candidate
txt,quiz,deseas,2,content_or_paraphrase_candidate
txt,quiz,sugiere,1,content_or_paraphrase_candidate
txt,quiz,después,1,content_or_paraphrase_candidate
txt,quiz,indica,1,content_or_paraphrase_candidate
txt,quiz,aprendes,1,content_or_paraphrase_candidate
txt,quiz,considerar,1,content_or_paraphrase_candidate
txt,quiz,cuál,1,content_or_paraphrase_candidate
txt,quiz,propósito,1,content_or_paraphrase_candidate
txt,quiz,según,1,content_or_paraphrase_candidate
txt,quiz,actuar,1,content_or_paraphrase_candidate
txt,quiz,visual,1,content_or_paraphrase_candidate
txt,quiz,mostrado,1,content_or_paraphrase_candidate
txt,quiz,señala,1,content_or_paraphrase_candidate
txt,quiz,explícitamente,1,content_or_paraphrase_candidate
txt,quiz,debe,1,content_or_paraphrase_candidate
txt,quiz,envolver,1,content_or_paraphrase_candidate
txt,quiz,menciona,1,content_or_paraphrase_candidate
txt,quiz,envolverlo,1,content_or_paraphrase_candidate
txt,flashcards,función,2,content_or_paraphrase_candidate
txt,flashcards,cuál,1,content_or_paraphrase_candidate
txt,flashcards,principal,1,content_or_paraphrase_candidate
txt,flashcards,según,1,content_or_paraphrase_candidate
txt,flashcards,documento,1,content_or_paraphrase_candidate
txt,flashcards,estructurar,1,content_or_paraphrase_candidate
txt,flashcards,permitiendo,1,content_or_paraphrase_candidate
txt,flashcards,funcionando,1,content_or_paraphrase_candidate
txt,flashcards,junto,1,content_or_paraphrase_candidate
txt,flashcards,escribe,1,content_or_paraphrase_candidate
txt,flashcards,envuelto,1,content_or_paraphrase_candidate
txt,flashcards,cumple,1,content_or_paraphrase_candidate
txt,flashcards,visible,1,content_or_paraphrase_candidate
txt,flashcards,descripciones,1,content_or_paraphrase_candidate
txt,flashcards,motores,1,content_or_paraphrase_candidate
txt,flashcards,cubre,1,content_or_paraphrase_candidate
txt,flashcards,inicialmente,1,content_or_paraphrase_candidate
txt,flashcards,definen,1,content_or_paraphrase_candidate
txt,flashcards,explicando,1,content_or_paraphrase_candidate
txt,tldr,frontend,3,content_or_paraphrase_candidate
txt,tldr,estudiantes,2,content_or_paraphrase_candidate
txt,tldr,desarrollo,2,content_or_paraphrase_candidate
txt,tldr,comentarios,2,content_or_paraphrase_candidate
txt,tldr,importancia,2,content_or_paraphrase_candidate
txt,tldr,directamente,2,content_or_paraphrase_candidate
txt,tldr,documento,1,content_or_paraphrase_candidate
txt,tldr,repasa,1,content_or_paraphrase_candidate
txt,tldr,fundamentales,1,content_or_paraphrase_candidate
txt,tldr,explicando,1,content_or_paraphrase_candidate
txt,tldr,básica,1,content_or_paraphrase_candidate
txt,tldr,además,1,content_or_paraphrase_candidate
txt,tldr,introducir,1,content_or_paraphrase_candidate
txt,tldr,combinar,1,content_or_paraphrase_candidate
txt,tldr,incluyendo,1,content_or_paraphrase_candidate
txt,tldr,general,1,content_or_paraphrase_candidate
txt,tldr,utilizando,1,content_or_paraphrase_candidate
txt,tldr,identificar,1,content_or_paraphrase_candidate
txt,tldr,función,1,content_or_paraphrase_candidate
txt,tldr,metadatos,1,content_or_paraphrase_candidate
txt,tldr,otra,1,content_or_paraphrase_candidate
txt,tldr,información,1,content_or_paraphrase_candidate
txt,tldr,reconocer,1,content_or_paraphrase_candidate
txt,tldr,creados,1,content_or_paraphrase_candidate
txt,tldr,base,1,content_or_paraphrase_candidate
txt,tldr,estructurar,1,content_or_paraphrase_candidate
txt,tldr,complementa,1,content_or_paraphrase_candidate
txt,tldr,lograr,1,content_or_paraphrase_candidate
txt,tldr,completas,1,content_or_paraphrase_candidate
txt,tldr,estilizadas,1,content_or_paraphrase_candidate
txt,tldr,siendo,1,content_or_paraphrase_candidate
txt,tldr,partida,1,content_or_paraphrase_candidate
txt,tldr,ideal,1,content_or_paraphrase_candidate
txt,tldr,avanzar,1,content_or_paraphrase_candidate
txt,video_script,bienvenida,2,content_or_paraphrase_candidate
txt,video_script,visual,2,format_or_presentation_language
txt,video_script,mostrando,2,content_or_paraphrase_candidate
txt,video_script,introducción,1,content_or_paraphrase_candidate
txt,video_script,repaso,1,content_or_paraphrase_candidate
txt,video_script,pantalla,1,format_or_presentation_language
txt,video_script,título,1,content_or_paraphrase_candidate
txt,video_script,tema,1,content_or_paraphrase_candidate
txt,video_script,gráficos,1,content_or_paraphrase_candidate
txt,video_script,alusivos,1,content_or_paraphrase_candidate
txt,video_script,hola,1,content_or_paraphrase_candidate
txt,video_script,conoces,1,content_or_paraphrase_candidate
txt,video_script,ahora,1,content_or_paraphrase_candidate
txt,video_script,entiendes,1,content_or_paraphrase_candidate
txt,video_script,puedes,1,content_or_paraphrase_candidate
txt,video_script,comentarios,1,content_or_paraphrase_candidate
txt,video_script,código,1,content_or_paraphrase_candidate
txt,video_script,escribe,1,content_or_paraphrase_candidate
txt,video_script,recuerda,1,content_or_paraphrase_candidate
txt,video_script,envuelve,1,content_or_paraphrase_candidate
txt,video_script,texto,1,format_or_presentation_language
txt,video_script,apertura,1,content_or_paraphrase_candidate
txt,video_script,cierre,1,content_or_paraphrase_candidate
txt,video_script,además,1,content_or_paraphrase_candidate
txt,video_script,deseas,1,content_or_paraphrase_candidate
txt,video_script,pero,1,content_or_paraphrase_candidate
txt,video_script,directamente,1,content_or_paraphrase_candidate
txt,video_script,descripciones,1,content_or_paraphrase_candidate
txt,video_script,próximos,1,content_or_paraphrase_candidate
txt,video_script,esquema,1,content_or_paraphrase_candidate
txt,video_script,relación,1,content_or_paraphrase_candidate
txt,video_script,complementaria,1,content_or_paraphrase_candidate
txt,video_script,aprendas,1,content_or_paraphrase_candidate
txt,video_script,cambiando,1,content_or_paraphrase_candidate
txt,video_script,alterando,1,content_or_paraphrase_candidate
pdf,quiz,texto,3,content_or_paraphrase_candidate
pdf,quiz,según,2,content_or_paraphrase_candidate
pdf,quiz,cuál,2,content_or_paraphrase_candidate
pdf,quiz,claramente,1,content_or_paraphrase_candidate
pdf,quiz,envolver,1,content_or_paraphrase_candidate
pdf,quiz,menciona,1,content_or_paraphrase_candidate
pdf,quiz,permitiendo,1,content_or_paraphrase_candidate
pdf,quiz,siguientes,1,content_or_paraphrase_candidate
pdf,quiz,varios,1,content_or_paraphrase_candidate
pdf,flashcards,navegadores,1,content_or_paraphrase_candidate
pdf,flashcards,estructurar,1,content_or_paraphrase_candidate
pdf,flashcards,escribe,1,content_or_paraphrase_candidate
pdf,flashcards,envuelve,1,content_or_paraphrase_candidate
pdf,flashcards,texto,1,content_or_paraphrase_candidate
pdf,flashcards,utilizando,1,content_or_paraphrase_candidate
pdf,flashcards,cuál,1,content_or_paraphrase_candidate
pdf,flashcards,relación,1,content_or_paraphrase_candidate
pdf,flashcards,función,1,content_or_paraphrase_candidate
pdf,flashcards,cumple,1,content_or_paraphrase_candidate
pdf,flashcards,directamente,1,content_or_paraphrase_candidate
pdf,flashcards,descripciones,1,content_or_paraphrase_candidate
pdf,flashcards,estructurándose,1,content_or_paraphrase_candidate
pdf,tldr,fundamentos,2,content_or_paraphrase_candidate
pdf,tldr,desarrollo,2,content_or_paraphrase_candidate
pdf,tldr,frontend,2,content_or_paraphrase_candidate
pdf,tldr,pagina,2,content_or_paraphrase_candidate
pdf,tldr,comentarios,2,content_or_paraphrase_candidate
pdf,tldr,estructurar,2,content_or_paraphrase_candidate
pdf,tldr,introduccion,1,content_or_paraphrase_candidate
pdf,tldr,introduce,1,content_or_paraphrase_candidate
pdf,tldr,utilizando,1,content_or_paraphrase_candidate
pdf,tldr,cubriendo,1,content_or_paraphrase_candidate
pdf,tldr,basica,1,content_or_paraphrase_candidate
pdf,tldr,relacion,1,content_or_paraphrase_candidate
pdf,tldr,futura,1,content_or_paraphrase_candidate
pdf,tldr,mediante,1,content_or_paraphrase_candidate
pdf,tldr,codigo,1,content_or_paraphrase_candidate
pdf,tldr,utilizan,1,content_or_paraphrase_candidate
pdf,tldr,proporcionan,1,content_or_paraphrase_candidate
pdf,tldr,informacion,1,content_or_paraphrase_candidate
pdf,tldr,enlaces,1,content_or_paraphrase_candidate
pdf,tldr,configuraciones,1,content_or_paraphrase_candidate
pdf,tldr,muestran,1,content_or_paraphrase_candidate
pdf,tldr,directamente,1,content_or_paraphrase_candidate
pdf,tldr,etiqueta,1,content_or_paraphrase_candidate
pdf,tldr,codificacion,1,content_or_paraphrase_candidate
pdf,tldr,admitir,1,content_or_paraphrase_candidate
pdf,tldr,multiples,1,content_or_paraphrase_candidate
pdf,tldr,recomienda,1,content_or_paraphrase_candidate
pdf,tldr,despues,1,content_or_paraphrase_candidate
pdf,tldr,dominar,1,content_or_paraphrase_candidate
pdf,tldr,diseno,1,content_or_paraphrase_candidate
pdf,tldr,paginas,1,content_or_paraphrase_candidate
pdf,tldr,paso,1,content_or_paraphrase_candidate
pdf,tldr,esencial,1,content_or_paraphrase_candidate
pdf,tldr,correctamente,1,content_or_paraphrase_candidate
pdf,tldr,cualquier,1,content_or_paraphrase_candidate
pdf,tldr,sitio,1,content_or_paraphrase_candidate
pdf,tldr,estilos,1,content_or_paraphrase_candidate
pdf,video_script,pantalla,3,format_or_presentation_language
pdf,video_script,mostrando,3,content_or_paraphrase_candidate
pdf,video_script,introduccion,2,content_or_paraphrase_candidate
pdf,video_script,texto,2,format_or_presentation_language
pdf,video_script,comentarios,2,content_or_paraphrase_candidate
pdf,video_script,codigo,2,content_or_paraphrase_candidate
pdf,video_script,pagina,2,content_or_paraphrase_candidate
pdf,video_script,definicion,1,content_or_paraphrase_candidate
pdf,video_script,titulos,1,content_or_paraphrase_candidate
pdf,video_script,introductorios,1,content_or_paraphrase_candidate
pdf,video_script,bienvenidos,1,content_or_paraphrase_candidate
pdf,video_script,nuestra,1,content_or_paraphrase_candidate
pdf,video_script,significa,1,content_or_paraphrase_candidate
pdf,video_script,hipertexto,1,content_or_paraphrase_candidate
pdf,video_script,fundamental,1,content_or_paraphrase_candidate
pdf,video_script,estructurar,1,content_or_paraphrase_candidate
pdf,video_script,simbolos,1,content_or_paraphrase_candidate
pdf,video_script,mayor,1,content_or_paraphrase_candidate
pdf,video_script,menor,1,content_or_paraphrase_candidate
pdf,video_script,muestre,1,content_or_paraphrase_candidate
pdf,video_script,debemos,1,content_or_paraphrase_candidate
pdf,video_script,envolver,1,content_or_paraphrase_candidate
pdf,video_script,utilizando,1,content_or_paraphrase_candidate
pdf,video_script,fragmentos,1,content_or_paraphrase_candidate
pdf,video_script,etiquetas,1,content_or_paraphrase_candidate
pdf,video_script,seccion,1,content_or_paraphrase_candidate
pdf,video_script,etiqueta,1,content_or_paraphrase_candidate
pdf,video_script,informacion,1,content_or_paraphrase_candidate
pdf,video_script,ademas,1,content_or_paraphrase_candidate
pdf,video_script,actua,1,content_or_paraphrase_candidate
pdf,video_script,configuraciones,1,content_or_paraphrase_candidate
pdf,video_script,estilos,1,content_or_paraphrase_candidate
pdf,video_script,muestran,1,content_or_paraphrase_candidate
pdf,video_script,directamente,1,content_or_paraphrase_candidate
pdf,video_script,siguientes,1,content_or_paraphrase_candidate
pdf,video_script,resumiendo,1,content_or_paraphrase_candidate
pdf,video_script,puntos,1,content_or_paraphrase_candidate
pdf,video_script,principales,1,content_or_paraphrase_candidate
pdf,video_script,recomendacion,1,content_or_paraphrase_candidate
pdf,video_script,basico,1,content_or_paraphrase_candidate
pdf,video_script,ahora,1,content_or_paraphrase_candidate
pdf,video_script,sabes,1,content_or_paraphrase_candidate
pdf,video_script,paso,1,content_or_paraphrase_candidate
pdf,video_script,recomienda,1,content_or_paraphrase_candidate
pdf,video_script,considerar,1,content_or_paraphrase_candidate
pdf,video_script,paginas,1,content_or_paraphrase_candidate
