source_format,generated_format,reported_status,baseline_status,improved_status,reported_relevance,baseline_relevance,improved_relevance,baseline_relevance_ratio,improved_relevance_ratio,reported_support,baseline_support,improved_support,baseline_unsupported_ratio,improved_unsupported_ratio,baseline_unsupported_flag,improved_unsupported_flag,baseline_unsupported_occurrences,improved_unsupported_occurrences,removed_occurrences,delta_unsupported_ratio
md,quiz,requiere_revision,requiere_revision,requiere_revision,3,3,3,0.166667,0.166667,3,3,4,0.392157,0.196078,False,False,20,10,2,-0.196078
md,flashcards,requiere_revision,requiere_revision,requiere_revision,3,3,3,0.0,0.0,5,5,5,0.12963,0.092593,False,False,7,5,0,-0.037037
md,tldr,rechazado,rechazado,aprobado,4,4,4,0.333333,0.333333,1,1,4,0.457143,0.294118,True,False,32,20,2,-0.163025
md,video_script,rechazado,rechazado,requiere_revision,3,3,3,0.0,0.0,1,1,5,0.403846,0.109375,True,False,42,7,1,-0.294471
txt,quiz,requiere_revision,requiere_revision,requiere_revision,3,3,3,0.166667,0.166667,3,3,4,0.328767,0.263889,False,False,24,19,2,-0.064878
txt,flashcards,requiere_revision,requiere_revision,aprobado,3,3,4,0.166667,0.333333,4,4,4,0.25974,0.225352,False,False,20,16,2,-0.034388
txt,tldr,rechazado,rechazado,rechazado,4,4,4,0.333333,0.333333,1,1,1,0.525641,0.458333,True,True,41,33,3,-0.067308
txt,video_script,requiere_revision,requiere_revision,requiere_revision,3,3,3,0.0,0.0,3,3,4,0.38,0.241935,False,False,38,15,1,-0.138065
pdf,quiz,requiere_revision,requiere_revision,requiere_revision,3,3,3,0.166667,0.166667,4,4,4,0.2,0.203125,False,False,13,13,0,0.003125
pdf,flashcards,requiere_revision,requiere_revision,requiere_revision,3,3,3,0.0,0.0,4,4,4,0.185714,0.176471,False,False,13,12,0,-0.009244
pdf,tldr,rechazado,rechazado,requiere_revision,5,5,5,0.5,0.5,1,1,3,0.462366,0.307692,True,False,43,28,3,-0.154673
pdf,video_script,rechazado,rechazado,requiere_revision,4,4,3,0.333333,0.0,1,1,4,0.495495,0.28125,True,False,55,18,1,-0.214245
