case_id,document_id,category,query,format,keywords,document_keyword_matches,document_evidence_coverage,all_keywords_present_in_chunks,original_top5_evidence_coverage,reproduced_top5_evidence_coverage,reproduced_top5_keyword_matches,original_top5_hit,first_rank_with_any_evidence,first_rank_reaching_hit_threshold,evidence_within_top5,total_document_chunks,diagnostic_results_returned,diagnosis,keyword_presence_json
FE-ES-001-Q01,FE-ES-001,Frontend,¿Qué es HTML según el documento?,md,lenguaje de marcado;estructurar páginas web,lenguaje de marcado,0.5,False,0.5,0.5,lenguaje de marcado,True,1,1,True,44,25,top5_contains_sufficient_evidence,"{""estructurar páginas web"": [], ""lenguaje de marcado"": [""FE-ES-001_1_1""]}"
FE-ES-001-Q05,FE-ES-001,Frontend,¿Qué puede hacer una etiqueta HTML con el contenido?,md,etiquetas;contenido;marcar;aparecer;actuar,etiquetas;contenido;marcar;aparecer;actuar,1.0,True,0.8,0.8,etiquetas;contenido;marcar;aparecer,True,1,1,True,44,25,top5_contains_sufficient_evidence,"{""actuar"": [""FE-ES-001_1_23"", ""FE-ES-001_1_24""], ""aparecer"": [""FE-ES-001_1_11"", ""FE-ES-001_1_25"", ""FE-ES-001_1_26""], ""contenido"": [""FE-ES-001_1_1"", ""FE-ES-001_1_3"", ""FE-ES-001_1_4"", ""FE-ES-001_1_10"", ""FE-ES-001_1_11"", ""FE-ES-001_1_24"", ""FE-ES-001_1_25"", ""FE-ES-001_1_26"", ""FE-ES-001_1_27"", ""FE-ES-001_1_28"", ""FE-ES-001_1_29"", ""FE-ES-001_1_30"", ""FE-ES-001_1_31"", ""FE-ES-001_1_37""], ""etiquetas"": [""FE-ES-001_1_1"", ""FE-ES-001_1_2"", ""FE-ES-001_1_4"", ""FE-ES-001_1_9""], ""marcar"": [""FE-ES-001_1_1""]}"
CLD-ES-001-Q05,CLD-ES-001,Cloud / DevOps,Menciona dos formas de describir a Kubernetes según el documento.,md,contenedores;microservicios;nube,contenedores;microservicios;nube,1.0,True,0.333333,0.333333,contenedores,False,5,8,False,15,15,ranking_issue_evidence_below_top5,"{""contenedores"": [""CLD-ES-001_1_0"", ""CLD-ES-001_1_1"", ""CLD-ES-001_1_7"", ""CLD-ES-001_1_8"", ""CLD-ES-001_1_9"", ""CLD-ES-001_1_10"", ""CLD-ES-001_1_11"", ""CLD-ES-001_1_12""], ""microservicios"": [""CLD-ES-001_1_0"", ""CLD-ES-001_1_1"", ""CLD-ES-001_1_13""], ""nube"": [""CLD-ES-001_1_0"", ""CLD-ES-001_1_1"", ""CLD-ES-001_1_9"", ""CLD-ES-001_1_12"", ""CLD-ES-001_1_13""]}"
FE-ES-001-Q01,FE-ES-001,Frontend,¿Qué es HTML según el documento?,txt,lenguaje de marcado;estructurar páginas web,lenguaje de marcado,0.5,False,0.0,0.0,,False,7,7,False,44,25,ranking_issue_evidence_below_top5,"{""estructurar páginas web"": [], ""lenguaje de marcado"": [""FE-ES-001_1_1""]}"
FE-ES-001-Q05,FE-ES-001,Frontend,¿Qué puede hacer una etiqueta HTML con el contenido?,txt,etiquetas;contenido;marcar;aparecer;actuar,etiquetas;contenido;marcar;aparecer;actuar,1.0,True,0.6,0.6,etiquetas;contenido;marcar,True,1,1,True,44,25,top5_contains_sufficient_evidence,"{""actuar"": [""FE-ES-001_1_22"", ""FE-ES-001_1_23""], ""aparecer"": [""FE-ES-001_1_11"", ""FE-ES-001_1_24"", ""FE-ES-001_1_25""], ""contenido"": [""FE-ES-001_1_1"", ""FE-ES-001_1_3"", ""FE-ES-001_1_4"", ""FE-ES-001_1_10"", ""FE-ES-001_1_11"", ""FE-ES-001_1_23"", ""FE-ES-001_1_24"", ""FE-ES-001_1_25"", ""FE-ES-001_1_26"", ""FE-ES-001_1_27"", ""FE-ES-001_1_28"", ""FE-ES-001_1_29"", ""FE-ES-001_1_30"", ""FE-ES-001_1_36""], ""etiquetas"": [""FE-ES-001_1_1"", ""FE-ES-001_1_2"", ""FE-ES-001_1_4"", ""FE-ES-001_1_9""], ""marcar"": [""FE-ES-001_1_1""]}"
CLD-ES-001-Q05,CLD-ES-001,Cloud / DevOps,Menciona dos formas de describir a Kubernetes según el documento.,txt,contenedores;microservicios;nube,contenedores;microservicios;nube,1.0,True,0.333333,0.333333,contenedores,False,5,9,False,15,15,ranking_issue_evidence_below_top5,"{""contenedores"": [""CLD-ES-001_1_0"", ""CLD-ES-001_1_1"", ""CLD-ES-001_1_7"", ""CLD-ES-001_1_8"", ""CLD-ES-001_1_9"", ""CLD-ES-001_1_10"", ""CLD-ES-001_1_11"", ""CLD-ES-001_1_12""], ""microservicios"": [""CLD-ES-001_1_0"", ""CLD-ES-001_1_13""], ""nube"": [""CLD-ES-001_1_0"", ""CLD-ES-001_1_9"", ""CLD-ES-001_1_12"", ""CLD-ES-001_1_13""]}"
FE-ES-001-Q01,FE-ES-001,Frontend,¿Qué es HTML según el documento?,pdf,lenguaje de marcado;estructurar páginas web,lenguaje de marcado,0.5,False,0.5,0.5,lenguaje de marcado,True,1,1,True,45,25,top5_contains_sufficient_evidence,"{""estructurar páginas web"": [], ""lenguaje de marcado"": [""FE-ES-001_1_0"", ""FE-ES-001_1_1""]}"
FE-ES-001-Q05,FE-ES-001,Frontend,¿Qué puede hacer una etiqueta HTML con el contenido?,pdf,etiquetas;contenido;marcar;aparecer;actuar,etiquetas;contenido;marcar;aparecer;actuar,1.0,True,0.8,0.8,etiquetas;contenido;marcar;aparecer,True,1,1,True,45,25,top5_contains_sufficient_evidence,"{""actuar"": [""FE-ES-001_9_1"", ""FE-ES-001_9_2""], ""aparecer"": [""FE-ES-001_5_0"", ""FE-ES-001_10_0"", ""FE-ES-001_10_1""], ""contenido"": [""FE-ES-001_1_1"", ""FE-ES-001_2_0"", ""FE-ES-001_2_1"", ""FE-ES-001_4_1"", ""FE-ES-001_5_0"", ""FE-ES-001_10_0"", ""FE-ES-001_10_1"", ""FE-ES-001_10_2"", ""FE-ES-001_11_0"", ""FE-ES-001_11_1"", ""FE-ES-001_11_2"", ""FE-ES-001_14_0""], ""etiquetas"": [""FE-ES-001_1_1"", ""FE-ES-001_1_2"", ""FE-ES-001_2_1"", ""FE-ES-001_4_0"", ""FE-ES-001_4_1""], ""marcar"": [""FE-ES-001_1_1""]}"
CLD-ES-001-Q05,CLD-ES-001,Cloud / DevOps,Menciona dos formas de describir a Kubernetes según el documento.,pdf,contenedores;microservicios;nube,contenedores;microservicios;nube,1.0,True,0.333333,0.333333,contenedores,False,4,7,False,13,13,ranking_issue_evidence_below_top5,"{""contenedores"": [""CLD-ES-001_1_0"", ""CLD-ES-001_1_1"", ""CLD-ES-001_2_3"", ""CLD-ES-001_3_0"", ""CLD-ES-001_3_1"", ""CLD-ES-001_3_2""], ""microservicios"": [""CLD-ES-001_1_0"", ""CLD-ES-001_1_1"", ""CLD-ES-001_4_0""], ""nube"": [""CLD-ES-001_1_0"", ""CLD-ES-001_1_1"", ""CLD-ES-001_3_1"", ""CLD-ES-001_4_0""]}"
