case_id,document_id,chunk_order,md_chunk_exists,txt_chunk_exists,pdf_chunk_exists,md_txt_jaccard,md_pdf_jaccard,txt_pdf_jaccard,md_chars,txt_chars,pdf_chars
FE-ES-001-Q01,FE-ES-001,0,True,True,True,1.0,0.901235,0.901235,732,723,822
FE-ES-001-Q01,FE-ES-001,1,True,True,True,0.988235,0.988235,1.0,815,771,789
FE-ES-001-Q01,FE-ES-001,2,True,True,True,0.982456,0.982456,1.0,613,548,570
FE-ES-001-Q01,FE-ES-001,3,True,True,True,0.984375,0.84058,0.828571,831,869,866
FE-ES-001-Q01,FE-ES-001,4,True,True,True,0.8875,0.865854,0.975309,812,886,898
FE-ES-001-Q01,FE-ES-001,5,True,True,True,1.0,0.833333,0.833333,820,788,474
FE-ES-001-Q01,FE-ES-001,6,True,True,True,1.0,0.903226,0.903226,696,696,857
FE-ES-001-Q01,FE-ES-001,7,True,True,True,1.0,1.0,1.0,871,871,889
FE-ES-001-Q01,FE-ES-001,8,True,True,True,0.985714,0.447368,0.453333,782,759,499
FE-ES-001-Q01,FE-ES-001,9,True,True,True,0.984375,0.521739,0.527473,694,655,827
FE-ES-001-Q01,FE-ES-001,10,True,True,True,0.988506,0.550847,0.555556,875,831,835
FE-ES-001-Q01,FE-ES-001,11,True,True,True,1.0,0.210526,0.210526,811,789,351
FE-ES-001-Q01,FE-ES-001,12,True,True,True,0.924528,0.297872,0.255319,873,791,836
FE-ES-001-Q01,FE-ES-001,13,True,True,True,0.8875,0.206186,0.192308,802,871,694
FE-ES-001-Q01,FE-ES-001,14,True,True,True,1.0,0.342342,0.342342,747,715,892
FE-ES-001-Q01,FE-ES-001,15,True,True,True,1.0,0.208955,0.208955,830,830,572
FE-ES-001-Q01,FE-ES-001,16,True,True,True,1.0,0.464789,0.464789,875,875,894
FE-ES-001-Q01,FE-ES-001,17,True,True,True,1.0,0.5,0.5,461,452,849
FE-ES-001-Q01,FE-ES-001,18,True,True,True,1.0,0.13253,0.13253,871,855,248
FE-ES-001-Q01,FE-ES-001,19,True,True,True,0.965116,0.209302,0.195312,897,845,814
FE-ES-001-Q01,FE-ES-001,20,True,True,True,0.729167,0.228346,0.267606,660,884,817
FE-ES-001-Q01,FE-ES-001,21,True,True,True,0.440367,0.27907,0.202899,837,874,851
FE-ES-001-Q01,FE-ES-001,22,True,True,True,0.181818,0.376238,0.113475,566,711,888
FE-ES-001-Q01,FE-ES-001,23,True,True,True,0.654762,0.656566,0.443396,725,852,879
FE-ES-001-Q01,FE-ES-001,24,True,True,True,0.215054,0.859375,0.195402,869,464,812
FE-ES-001-Q01,FE-ES-001,25,True,True,True,1.0,0.890909,0.890909,469,455,844
FE-ES-001-Q01,FE-ES-001,26,True,True,True,0.208333,0.604938,0.541667,467,625,896
FE-ES-001-Q01,FE-ES-001,27,True,True,True,0.985075,0.985075,1.0,630,677,877
FE-ES-001-Q01,FE-ES-001,28,True,True,True,0.221053,0.333333,0.559322,702,823,400
FE-ES-001-Q01,FE-ES-001,29,True,True,True,0.295238,0.575342,0.556701,845,881,887
FE-ES-001-Q01,FE-ES-001,30,True,True,True,0.19697,0.6875,0.275862,896,782,827
FE-ES-001-Q01,FE-ES-001,31,True,True,True,0.194444,0.813333,0.128571,888,871,655
FE-ES-001-Q01,FE-ES-001,32,True,True,True,0.15942,0.979798,0.173913,897,759,884
FE-ES-001-Q01,FE-ES-001,33,True,True,True,0.134021,0.910448,0.178947,771,868,895
FE-ES-001-Q01,FE-ES-001,34,True,True,True,0.129032,0.758621,0.322034,868,518,863
FE-ES-001-Q01,FE-ES-001,35,True,True,True,0.037975,0.283333,0.547945,518,703,889
FE-ES-001-Q01,FE-ES-001,36,True,True,True,0.15748,0.566667,0.141509,724,855,343
FE-ES-001-Q01,FE-ES-001,37,True,True,True,0.252252,0.977273,0.245455,867,630,813
FE-ES-001-Q01,FE-ES-001,38,True,True,True,0.148936,0.75,0.308511,646,570,867
FE-ES-001-Q01,FE-ES-001,39,True,True,True,0.201754,0.862069,0.183486,658,837,442
FE-ES-001-Q01,FE-ES-001,40,True,True,True,0.10596,0.95,0.108844,861,891,798
FE-ES-001-Q01,FE-ES-001,41,True,True,True,0.1875,0.911111,0.13913,894,362,825
FE-ES-001-Q01,FE-ES-001,42,True,True,True,0.477477,0.806818,0.516949,684,866,847
FE-ES-001-Q01,FE-ES-001,43,True,True,True,0.181818,0.727273,0.0,524,65,375
FE-ES-001-Q01,FE-ES-001,44,False,False,True,,,,0,0,136
FE-ES-001-Q05,FE-ES-001,0,True,True,True,1.0,0.901235,0.901235,732,723,822
FE-ES-001-Q05,FE-ES-001,1,True,True,True,0.988235,0.988235,1.0,815,771,789
FE-ES-001-Q05,FE-ES-001,2,True,True,True,0.982456,0.982456,1.0,613,548,570
FE-ES-001-Q05,FE-ES-001,3,True,True,True,0.984375,0.84058,0.828571,831,869,866
FE-ES-001-Q05,FE-ES-001,4,True,True,True,0.8875,0.865854,0.975309,812,886,898
FE-ES-001-Q05,FE-ES-001,5,True,True,True,1.0,0.833333,0.833333,820,788,474
FE-ES-001-Q05,FE-ES-001,6,True,True,True,1.0,0.903226,0.903226,696,696,857
FE-ES-001-Q05,FE-ES-001,7,True,True,True,1.0,1.0,1.0,871,871,889
FE-ES-001-Q05,FE-ES-001,8,True,True,True,0.985714,0.447368,0.453333,782,759,499
FE-ES-001-Q05,FE-ES-001,9,True,True,True,0.984375,0.521739,0.527473,694,655,827
FE-ES-001-Q05,FE-ES-001,10,True,True,True,0.988506,0.550847,0.555556,875,831,835
FE-ES-001-Q05,FE-ES-001,11,True,True,True,1.0,0.210526,0.210526,811,789,351
FE-ES-001-Q05,FE-ES-001,12,True,True,True,0.924528,0.297872,0.255319,873,791,836
FE-ES-001-Q05,FE-ES-001,13,True,True,True,0.8875,0.206186,0.192308,802,871,694
FE-ES-001-Q05,FE-ES-001,14,True,True,True,1.0,0.342342,0.342342,747,715,892
FE-ES-001-Q05,FE-ES-001,15,True,True,True,1.0,0.208955,0.208955,830,830,572
FE-ES-001-Q05,FE-ES-001,16,True,True,True,1.0,0.464789,0.464789,875,875,894
FE-ES-001-Q05,FE-ES-001,17,True,True,True,1.0,0.5,0.5,461,452,849
FE-ES-001-Q05,FE-ES-001,18,True,True,True,1.0,0.13253,0.13253,871,855,248
FE-ES-001-Q05,FE-ES-001,19,True,True,True,0.965116,0.209302,0.195312,897,845,814
FE-ES-001-Q05,FE-ES-001,20,True,True,True,0.729167,0.228346,0.267606,660,884,817
FE-ES-001-Q05,FE-ES-001,21,True,True,True,0.440367,0.27907,0.202899,837,874,851
FE-ES-001-Q05,FE-ES-001,22,True,True,True,0.181818,0.376238,0.113475,566,711,888
FE-ES-001-Q05,FE-ES-001,23,True,True,True,0.654762,0.656566,0.443396,725,852,879
FE-ES-001-Q05,FE-ES-001,24,True,True,True,0.215054,0.859375,0.195402,869,464,812
FE-ES-001-Q05,FE-ES-001,25,True,True,True,1.0,0.890909,0.890909,469,455,844
FE-ES-001-Q05,FE-ES-001,26,True,True,True,0.208333,0.604938,0.541667,467,625,896
FE-ES-001-Q05,FE-ES-001,27,True,True,True,0.985075,0.985075,1.0,630,677,877
FE-ES-001-Q05,FE-ES-001,28,True,True,True,0.221053,0.333333,0.559322,702,823,400
FE-ES-001-Q05,FE-ES-001,29,True,True,True,0.295238,0.575342,0.556701,845,881,887
FE-ES-001-Q05,FE-ES-001,30,True,True,True,0.19697,0.6875,0.275862,896,782,827
FE-ES-001-Q05,FE-ES-001,31,True,True,True,0.194444,0.813333,0.128571,888,871,655
FE-ES-001-Q05,FE-ES-001,32,True,True,True,0.15942,0.979798,0.173913,897,759,884
FE-ES-001-Q05,FE-ES-001,33,True,True,True,0.134021,0.910448,0.178947,771,868,895
FE-ES-001-Q05,FE-ES-001,34,True,True,True,0.129032,0.758621,0.322034,868,518,863
FE-ES-001-Q05,FE-ES-001,35,True,True,True,0.037975,0.283333,0.547945,518,703,889
FE-ES-001-Q05,FE-ES-001,36,True,True,True,0.15748,0.566667,0.141509,724,855,343
FE-ES-001-Q05,FE-ES-001,37,True,True,True,0.252252,0.977273,0.245455,867,630,813
FE-ES-001-Q05,FE-ES-001,38,True,True,True,0.148936,0.75,0.308511,646,570,867
FE-ES-001-Q05,FE-ES-001,39,True,True,True,0.201754,0.862069,0.183486,658,837,442
FE-ES-001-Q05,FE-ES-001,40,True,True,True,0.10596,0.95,0.108844,861,891,798
FE-ES-001-Q05,FE-ES-001,41,True,True,True,0.1875,0.911111,0.13913,894,362,825
FE-ES-001-Q05,FE-ES-001,42,True,True,True,0.477477,0.806818,0.516949,684,866,847
FE-ES-001-Q05,FE-ES-001,43,True,True,True,0.181818,0.727273,0.0,524,65,375
FE-ES-001-Q05,FE-ES-001,44,False,False,True,,,,0,0,136
CLD-ES-001-Q05,CLD-ES-001,0,True,True,True,1.0,1.0,1.0,892,883,878
CLD-ES-001-Q05,CLD-ES-001,1,True,True,True,0.93617,0.594937,0.556962,574,465,892
CLD-ES-001-Q05,CLD-ES-001,2,True,True,True,0.738636,0.484536,0.71875,617,867,742
CLD-ES-001-Q05,CLD-ES-001,3,True,True,True,0.462264,0.358333,0.752577,684,789,896
CLD-ES-001-Q05,CLD-ES-001,4,True,True,True,0.314286,0.195489,0.168421,731,179,867
CLD-ES-001-Q05,CLD-ES-001,5,True,True,True,1.0,0.135338,0.135338,553,551,875
CLD-ES-001-Q05,CLD-ES-001,6,True,True,True,1.0,0.115108,0.115108,881,878,638
CLD-ES-001-Q05,CLD-ES-001,7,True,True,True,0.866667,0.116438,0.125,756,639,879
CLD-ES-001-Q05,CLD-ES-001,8,True,True,True,0.983333,0.193277,0.194915,523,491,853
CLD-ES-001-Q05,CLD-ES-001,9,True,True,True,1.0,0.130435,0.130435,516,516,848
CLD-ES-001-Q05,CLD-ES-001,10,True,True,True,1.0,0.192308,0.192308,880,880,365
CLD-ES-001-Q05,CLD-ES-001,11,True,True,True,1.0,0.106796,0.106796,258,258,881
CLD-ES-001-Q05,CLD-ES-001,12,True,True,True,0.961039,0.114094,0.111842,830,871,883
CLD-ES-001-Q05,CLD-ES-001,13,True,True,False,0.910112,,,892,862,0
CLD-ES-001-Q05,CLD-ES-001,14,True,True,False,0.86747,,,798,591,0
